<?xml version="1.0" encoding="UTF-8"?>
<project-private xmlns="http://www.netbeans.org/ns/project-private/1">
    <editor-bookmarks xmlns="http://www.netbeans.org/ns/editor-bookmarks/2" lastBookmarkId="0"/>
    <open-files xmlns="http://www.netbeans.org/ns/projectui-open-files/2">
        <group>
            <file>file:/C:/Users/Talida/Desktop/ExempluInterfataProlog/ExempluInterfataProlog%20-%202/src/exempluinterfataprolog/Fereastra.java</file>
            <file>file:/C:/Users/Talida/Desktop/ExempluInterfataProlog/ExempluInterfataProlog%20-%202/sistem_expert.pl</file>
        </group>
    </open-files>
</project-private>
